Image1,Image2
/sre/images/2catsm.jpg,/sre/images/1catb.png
/sre/images/1cat.jpg,/sre/images/1catb.png
/sre/images/1cat.png,/sre/images/2cat.jpg
/sre/images/1catb.png,/sre/images/2cat.png
/sre/images/2cat.bmp,/sre/images/1catb.png
/sre/images/2cat.jpg,/sre/images/2catsm.jpg
/sre/images/2cat.png,/sre/images/1cat.bmp
/sre/images/1cat.png,/sre/images/1cat.jpg
/sre/images/1catb.png,/sre/images/1cat.jpg
/sre/images/1cat.jpg,/sre/images/1cat.png
/sre/images/1cat.png,/sre/images/1catb.png
/sre/images/1catb.png,/sre/images/1cat.png
